{
  "$schema": "https://namnesis.dev/schemas/v1/capsule.manifest.schema.json",
  "_meta": {
    "example_id": "minimal",
    "description": "Minimum viable capsule with only required fields",
    "expected_valid": true,
    "notes": "This example demonstrates the minimal structure needed for a valid capsule"
  },
  "manifest": {
    "spec_version": "v1",
    "schema_version": "1.0.0",
    "capsule_id": "a1b2c3d4e5f67890abcdef1234567890abcdef1234567890abcdef1234567890/550e8400-e29b-41d4-a716-446655440000",
    "created_at": "2024-01-15T10:00:00Z",
    "aead": "xchacha20-poly1305",
    "kdf": {
      "algorithm": "argon2id",
      "salt": "YmFzZTY0dXJsLWVuY29kZWQtc2FsdA",
      "memory_kb": 65536,
      "iterations": 3,
      "parallelism": 4
    },
    "artifacts": [
      {
        "path": "MEMORY.md",
        "kind": "memory",
        "mode": "private",
        "plaintext_hash": "e3b0c44298fc1c149afbf4c8996fb92427ae41e4649b934ca495991b7852b855",
        "size_bytes": 256,
        "blob_id": "abc123def456789012345678901234567890123456789012345678901234abcd"
      }
    ],
    "blobs": [
      {
        "blob_id": "abc123def456789012345678901234567890123456789012345678901234abcd",
        "ciphertext_hash": "abc123def456789012345678901234567890123456789012345678901234abcd",
        "ciphertext_size_bytes": 288,
        "nonce": "YmFzZTY0dXJsLW5vbmNlLTI0Ynl0ZXM",
        "storage": {
          "backend": "local",
          "ref": "/capsules/a1b2c3d4.../blobs/abc123def456..."
        }
      }
    ],
    "signature": {
      "algorithm": "ed25519",
      "public_key": "YmFzZTY0dXJsLWVkMjU1MTktcHVibGljLWtleQ",
      "signature": "YmFzZTY0dXJsLWVkMjU1MTktc2lnbmF0dXJl",
      "signed_at": "2024-01-15T10:00:01Z"
    }
  }
}
